Main Topic,Sub-topic,Characters,Plays,Identification,Status,Play Category
Garden Flowers,Rose,Oberon,A Midsummer Night's Dream,Male,Major,Comedy
Garden Flowers,Rose,Titania,A Midsummer Night's Dream,Female,Major,Comedy
Garden Flowers,Rose,Don John,Much Ado About Nothing,Male,Major,Comedy
Garden Flowers,Rose,Orsino,Twelfth Night,Male,Major,Comedy
Garden Flowers,Rose,Biron,Love's Labour's Lost,Male,Minor,Comedy
Garden Flowers,Rose,Boyet,Love's Labour's Lost,Male,Minor,Comedy
Garden Flowers,Rose,Boyet,Love's Labour's Lost,Male,Minor,Comedy
Garden Flowers,Rose,Touchstone,As You Like It,Male,Major,Comedy
Garden Flowers,Rose,Petrucio,The Taming of the Shrew,Male,Major,Comedy
Garden Flowers,Rose,AC_Antony,Antony and Cleopatra,Male,Major,Tragedy
Garden Flowers,Rose,Othello,Othello,Male,Major,Tragedy
Garden Flowers,Rose,Juliet,Romeo and Juliet,Female,Major,Tragedy
Garden Flowers,Lily,Princess,Love's Labour's Lost,Female,Major,Comedy
Garden Flowers,Lily,Perdita,The Winter's Tale,Female,Major,Comedy
Garden Flowers,Lily,Troilus,Troilus and Cressida,Male,Major,Tragedy
Garden Flowers,Lily,Guiderius,Cymbeline,Male,Major,Tragedy
Garden Flowers,Lily,Titus,Titus Andronicus,Male,Major,Tragedy
Garden Flowers,Carnation,Perdita,The Winter's Tale,Female,Major,Comedy
Garden Flowers,Marigold,Perdita,The Winter's Tale,Female,Major,Comedy
Garden Flowers,Marigold,Marina,Pericles,Female,Major,Comedy
Garden Flowers,Columbine,Longueville,Love's Labour's Lost,Male,Minor,Comedy
Garden Flowers,Columbine,Ophelia,Hamlet,Female,Major,Tragedy
Garden Flowers,Pansy,Ophelia,Hamlet,Female,Major,Tragedy
Garden Flowers,Lavender,Perdita,The Winter's Tale,Female,Major,Comedy
Garden Flowers,Pink,Mercutio,Romeo and Juliet,Male,Major,Tragedy
Garden Flowers,Pink,Romeo,Romeo and Juliet,Male,Major,Tragedy
Garden Flowers,Gillyvors,Perdita,The Winter's Tale,Female,Major,Comedy
Garden Flowers,Pink,Polixenes,The Winter's Tale,Male,Minor,Comedy
Garden Flowers,Holy Thistle,Beatrice,Much Ado About Nothing,Female,Major,Comedy
Garden Flowers,Holy Thistle,Margaret,Much Ado About Nothing,Female,Minor,Comedy
Garden Flowers,Violet,Oberon,A Midsummer Night's Dream,Male,Major,Comedy
Wild Flowers,Violet,Orsino,Twelfth Night,Male,Major,Comedy
Wild Flowers,Violet,Perdita,The Winter's Tale,Female,Major,Comedy
Wild Flowers,Violet,Laertes,Hamlet,Male,Major,Tragedy
Wild Flowers,Violet,Laertes,Hamlet,Male,Major,Tragedy
Wild Flowers,Violet,Belarius,Cymbeline,Male,Major,Tragedy
Wild Flowers,Daffodil,Perdita,The Winter's Tale,Female,Major,Comedy
Wild Flowers,Primrose,Perdita,The Winter's Tale,Female,Major,Comedy
Wild Flowers,Primrose,Hermia,A Midsummer Night's Dream,Female,Major,Comedy
Wild Flowers,Daffodil,Arviragus,Cymbeline,Male,Major,Tragedy
Wild Flowers,Daffodil,Porter,Macbeth,Male,Minor,Comedy
Wild Flowers,Ox-Lip,Oberon,A Midsummer Night's Dream,Male,Major,Comedy
Wild Flowers,Ox-Lip,Perdita,The Winter's Tale,Female,Major,Comedy
Wild Flowers,Daisy,Ophelia,Hamlet,Female,Major,Tragedy
Wild Flowers,Daisy,H_Queen,Hamlet,Female,Major,Tragedy
Wild Flowers,Daisy,Lucius,Cymbeline,Male,Minor,Tragedy
Wild Flowers,Woodbine And Eglantine,Oberon,A Midsummer Night's Dream,Male,Major,Comedy
Wild Flowers,Woodbine And Eglantine,Titania,A Midsummer Night's Dream,Female,Major,Comedy
Wild Flowers,Woodbine And Eglantine,Ursula,Much Ado About Nothing,Female,Minor,Comedy
Wild Flowers,Woodbine And Eglantine,Arviragus,Cymbeline,Male,Major,Tragedy
Wild Flowers,Honeysuckle,Hero,Much Ado About Nothing,Female,Major,Comedy
Wild Flowers,Cowslip,Ariel,The Tempest,Supernatural,Major,Comedy
Wild Flowers,Cowslip,Fairy,A Midsummer Night's Dream,Supernatural,Minor,Comedy
Wild Flowers,Cowslip,Thisbe,A Midsummer Night's Dream,Male,Minor,Comedy
Wild Flowers,Cowslip,C_Queen,Cymbeline,Female,Major,Tragedy
Wild Flowers,Cowslip,Iachimo,Cymbeline,Male,Major,Tragedy
Wild Flowers,Hare-Bell,Arviragus,Cymbeline,Male,Major,Tragedy
Wild Flowers,Love-In-Idleness,Oberon,A Midsummer Night's Dream,Male,Major,Comedy
Weeds,Nettle,Gonzalo,The Tempest,Male,Major,Comedy
Weeds,Nettle,TT_Antonio,The Tempest,Male,Major,Comedy
Weeds,Nettle,Sir Toby,Twelfth Night,Male,Major,Comedy
Weeds,Nettle,Cressida,Troilus and Cressida,Female,Major,Tragedy
Weeds,Nettle,Iago,Othello,Male,Major,Tragedy
Weeds,Nettle,Menenius,Coriolanus,Male,Major,Tragedy
Weeds,Cockle,Biron,Love's Labour's Lost,Male,Major,Comedy
Weeds,Cockle,Coriolanus,Coriolanus,Male,Major,Tragedy
Weeds,Fumitory,Cordelia,King Lear,Female,Major,Tragedy
Weeds,"Hemlock, Harlock",Cordelia,King Lear,Female,Major,Tragedy
Weeds,"Hemlock, Harlock",Third Witch,Macbeth,Supernatural,Minor,Tragedy
Weeds,Dock,Gonzalo,The Tempest,Male,Major,Comedy
Weeds,Dock,Sebastian,The Tempest,Male,Minor,Comedy
Weeds,Thistle,Bottom,A Midsummer Night's Dream,Male,Major,Comedy
Weeds,Rushes,Dromio,The Comedy of Errors,Male,Major,Comedy
Weeds,Rushes,Rosalind,As You Like It,Female,Major,Comedy
Weeds,Rushes,Katharine,The Taming of the Shrew,Female,Minor,Comedy
Weeds,Rushes,Eros,Antony and Cleopatra,Male,Minor,Tragedy
Weeds,Rushes,Marcius,Coriolanus,Male,Major,Tragedy
Weeds,Rushes,First Senator,Coriolanus,Male,Minor,Tragedy
Weeds,Rushes,Romeo,Romeo and Juliet,Male,Major,Tragedy
Weeds,Burs,Lucio,Measure for Measure,Male,Minor,Comedy
Weeds,Burs,Lysander,A Midsummer Night's Dream,Male,Major,Comedy
Weeds,Burs,Rosalind,As You Like It,Female,Major,Comedy
Weeds,Burs,Pandarus,Troilus and Cressida,Male,Major,Tragedy
Weeds,Plantain,LLL_Costard,Love's Labour's Lost,Male,Minor,Comedy
Weeds,Plantain,Romeo,Romeo and Juliet,Male,Major,Tragedy
Weeds,Cuckoo Flowers,Cordelia,King Lear,Female,Major,Tragedy
Weeds,Clover,Tamora,Titus Andronicus,Female,Major,Tragedy
Trees,Oak,Prospero,The Tempest,Male,Major,Comedy
Trees,Oak,Prospero,The Tempest,Male,Major,Comedy
Trees,Oak,Mrs Page,The Merry Wives of Windsor,Female,Major,Comedy
Trees,Oak,Benedict,Much Ado About Nothing,Male,Major,Comedy
Trees,Oak,Oliver,As You Like It,Male,Major,Comedy
Trees,Oak,Pauline,The Winter's Tale,Female,Major,Comedy
Trees,Oak,Casca,Julius Caesar,Male,Minor,Tragedy
Trees,Oak,Nestor,Troilus and Cressida,Male,Minor,Tragedy
Trees,Oak,Iago,Othello,Male,Major,Tragedy
Trees,Oak,Volumnia,Coriolanus,Female,Major,Tragedy
Trees,Oak,Volumnia,Coriolanus,Female,Major,Tragedy
Trees,Oak,Second Guard,Coriolanus,Male,Minor,Tragedy
Trees,Oak,Volumnia,Coriolanus,Female,Major,Tragedy
Trees,Oak,Timon,Timon of Athens,Male,Major,Tragedy
Trees,Cedar,Prospero,The Tempest,Male,Major,Comedy
Trees,Cedar,Dumain,Love's Labour's Lost,Male,Major,Comedy
Trees,Cedar,Coriolanus,Coriolanus,Male,Major,Tragedy
Trees,Cedar,Soothsayer,Cymbeline,Male,Minor,Tragedy
Trees,Cedar,Soothsayer,Coriolanus,Male,Minor,Tragedy
Trees,Elm,Adriana,The Comedy of Errors,Female,Major,Comedy
Trees,Elm,Titania,A Midsummer Night's Dream,Female,Major,Comedy
Trees,Sycamore,Boyet,Love's Labour's Lost,Male,Minor,Comedy
Trees,Sycamore,Desdemona,Othello,Female,Major,Tragedy
Trees,Sycamore,Benvolio,Romeo and Juliet,Male,Minor,Tragedy
Trees,Yew,Paris,Romeo and Juliet,Male,Minor,Tragedy
Trees,Yew,TN_Clown,Twelfth Night,Male,Major,Comedy
Trees,Yew,Tamora,Titus Andronicus,Female,Major,Tragedy
Trees,Yew,Third Witch,Macbeth,Supernatural,Minor,Tragedy
Trees,Cypress,TN_Clown,Twelfth Night,Male,Major,Comedy
Trees,Cypress,Gremio,The Taming of the Shrew,Male,Minor,Comedy
Trees,Cypress,Aufidius,Coriolanus,Male,Major,Tragedy
Trees,Pine,Prospero,The Tempest,Male,Major,Comedy
Trees,Pine,Prospero,The Tempest,Male,Major,Comedy
Trees,Pine,TWT_First Lord,The Winter's Tale,Male,Minor,Comedy
Trees,Pine,AC_Antony,Antony and Cleopatra,Male,Major,Tragedy
Trees,Pine,Agamemnon,Troilus and Cressida,Male,Major,Tragedy
Trees,Pine,Belarius,Cymbeline,Male,Major,Tragedy
Trees,Aspen,Marcus,Titus Andronicus,Male,Major,Tragedy
Trees,Box,Maria,Twelfth Night,Female,Minor,Comedy
Trees,Willow,Benedict,Much Ado About Nothing,Male,Major,Comedy
Trees,Willow,Benedict,Much Ado About Nothing,Male,Major,Comedy
Trees,Willow,Lorenzo,The Merchant of Venice,Male,Minor,Comedy
Trees,Willow,Desdemona,Othello,Female,Major,Tragedy
Trees,Willow,H_Queen,Hamlet,Female,Major,Tragedy
Trees,Palm,Rosalind,As You Like It,Female,Major,Comedy
Trees,Palm,Cassius,Julius Caesar,Male,Minor,Tragedy
Trees,Palm,Hamlet,Hamlet,Male,Major,Tragedy
Trees,Olive,Rosalind,As You Like It,Female,Major,Comedy
Trees,Olive,Oliver,As You Like It,Male,Major,Comedy
Trees,Olive,AC_Caesar,Antony and Cleopatra,Male,Major,Tragedy
Trees,Myrtle,Isabella,Measure for Measure,Female,Major,Comedy
Trees,Myrtle,Euphronius,Antony and Cleopatra,Male,Minor,Tragedy
Trees,Hazel,Petrucio,The Taming of the Shrew,Male,Major,Comedy
Trees,Laurel,Ulyss,Troilus and Cressida,Male,Major,Tragedy
Trees,Laurel,Titus,Troilus and Cressida,Male,Minor,Tragedy
Trees,Elder,Arviragus,Cymbeline,Male,Major,Tragedy
Trees,Elder,Saturninus,Titus Andronicus,Male,Major,Tragedy
Trees,Pomegranate-tree,Juliet,Romeo and Juliet,Female,Major,Tragedy
Trees,Crab,Menenius,Coriolanus,Male,Major,Tragedy
Trees,Holly,Amiens,As You Like It,Male,Minor,Comedy
Trees,Mistletoe,Tamora,Titus Andronicus,Female,Major,Tragedy
Trees,Vine,Ceres,The Tempest,Supernatural,Minor,Comedy
Trees,Vine,Timon,Timon of Athens,Male,Major,Tragedy
Trees,Vine,Lear,King Lear,Male,Minor,Tragedy
Trees,Ivy,Prospero,The Tempest,Male,Major,Comedy
Trees,Ivy,Shepherd,The Winter's Tale,Male,Minor,Comedy
Trees,Ivy,Adriana,The Comedy of Errors,Female,Major,Comedy
Trees,Hawthorn,Helena,A Midsummer Night's Dream,Female,Minor,Comedy
Trees,Hawthorn,Rosalind,As You Like It,Female,Major,Comedy
Trees,Hawthorn,Edgar,King Lear,Male,Major,Tragedy
Trees,Osiers,Nathaniel,Love's Labour's Lost,Male,Minor,Comedy
Trees,Osiers,Celia,As You Like It,Female,Major,Comedy
Trees,Briers,Arid,The Tempest,Supernatural,Minor,Comedy
Trees,Briers,Rosalind,As You Like It,Female,Major,Comedy
Trees,Briers,Helena,All's Well That Ends Well,Female,Major,Comedy
Trees,Briers,Timon,Timon of Athens,Male,Major,Tragedy
Trees,Heath,Gonzalo,The Tempest,Male,Major,Comedy
Fruits,Strawberry,Iago,Othello,Male,Major,Tragedy
Fruits,Apricots,Titania,A Midsummer Night's Dream,Female,Major,Comedy
Fruits,Grapes,Titania,A Midsummer Night's Dream,Female,Major,Comedy
Fruits,Grapes,Touchstone,As You Like It,Male,Major,Comedy
Fruits,Grapes,Lafeu,All's Well That Ends Well,Male,Minor,Comedy
Fruits,Grapes,Iago,Othello,Male,Major,Tragedy
Fruits,Grapes,Menenius,Coriolanus,Male,Major,Tragedy
Fruits,Figs,First Guard,Antony and Cleopatra,Male,Minor,Tragedy
Fruits,Pears,Falstaff,The Merry Wives of Windsor,Male,Major,Comedy
Fruits,Pears,Parolles,All's Well That Ends Well,Male,Major,Comedy
Fruits,Apples,Sebastian,The Tempest,Male,Major,Comedy
Fruits,Apples,TT_Antonio,The Tempest,Male,Major,Comedy
Fruits,Apples,Evans,The Merry Wives of Windsor,Male,Major,Comedy
Fruits,Apples,Malvolio,Twelfth Night,Male,Major,Comedy
Fruits,Apples,MV_Antonio,The Merchant of Venice,Male,Major,Comedy
Fruits,Apples,Biondella,The Taming of the Shrew,Male,Minor,Comedy
Fruits,Apples,Petrucio,The Taming of the Shrew,Male,Major,Comedy
Fruits,Apples,Fool,King Lear,Male,Major,Tragedy
Fruits,Quince,Nurse,Romeo and Juliet,Female,Major,Tragedy
Fruits,Orange,Beatrice,Much Ado About Nothing,Female,Major,Comedy
Fruits,Orange,MAAN_Claudio,Much Ado About Nothing,Male,Major,Comedy
Fruits,Orange,Menenius,Coriolanus,Male,Major,Tragedy
Fruits,Lemon,Biron,Love's Labour's Lost,Male,Minor,Comedy
Fruits,Cherries,AMND_Demetrius,A Midsummer Night's Dream,Male,Major,Comedy
Fruits,Cherries,Helena,A Midsummer Night's Dream,Female,Major,Comedy
Fruits,Cherries,Gower,Pericles,Female,Minor,Comedy
Fruits,Mulberry,Titania,A Midsummer Night's Dream,Female,Major,Comedy
Fruits,Mulberry,Volumnia,Coriolanus,Female,Major,Tragedy
Fruits,Medlars,Touchstone,As You Like It,Male,Major,Comedy
Fruits,Medlars,Rosalind,As You Like It,Female,Major,Comedy
Fruits,Medlars,Timon,Timon of Athens,Male,Major,Tragedy
Fruits,Medlars,Apemantus,Timon of Athens,Male,Major,Tragedy
Fruits,Medlars,Mercutio,Romeo and Juliet,Male,Major,Tragedy
Fruits,Blackberry,Thersites,Troilus and Cressida,Male,Major,Tragedy
Fruits,Crab,Petrucio,The Taming of the Shrew,Male,Major,Comedy
Fruits,Crab,Katharine,The Taming of the Shrew,Female,Minor,Comedy
Fruits,Crab,Petrucio,The Taming of the Shrew,Male,Major,Comedy
Fruits,Crab,Fool,King Lear,Male,Major,Tragedy
Fruits,Bilberry,Pistol,The Merry Wives of Windsor,Male,Minor,Comedy
Fruits,Dewberry,Titania,A Midsummer Night's Dream,Female,Major,Comedy
Fruits,Nuts,Thersites,Troilus and Cressida,Female,Major,Tragedy
Fruits,Nuts,Hamlet,Hamlet,Male,Major,Tragedy
Fruits,Nuts,Mercutio,Romeo and Juliet,Male,Major,Tragedy
Fruits,Walnut,Ford,The Merry Wives of Windsor,Male,Major,Comedy
Fruits,Walnut,Haberdasher,The Taming of the Shrew,Male,Minor,Comedy
Fruits,Walnut,Petrucio,The Taming of the Shrew,Male,Major,Comedy
Fruits,Hazel-Nut,Mercutio,Romeo and Juliet,Male,Major,Tragedy
Fruits,Chestnut,Petrucio,The Taming of the Shrew,Male,Major,Comedy
Fruits,Chestnut,First Witch,Macbeth,Supernatural,Minor,Tragedy
Fruits,Prunes,Slender,The Merry Wives of Windsor,Male,Major,Comedy
Fruits,Prunes,Pompey,Measure for Measure,Male,Major,Comedy
Fruits,Prunes,TWT_Clown,The Winter's Tale,Male,Major,Comedy
Fruits,Dates,TWT_Clown,The Winter's Tale,Male,Major,Comedy
Fruits,Currants,TWT_Clown,The Winter's Tale,Male,Major,Comedy
Fruits,Raisins,TWT_Clown,The Winter's Tale,Male,Major,Comedy
Fruits,Acorn,Prospero,The Tempest,Male,Major,Comedy
Fruits,Acorn,Puck,A Midsummer Night's Dream,Supernatural,Major,Comedy
Fruits,Acorn,Celia,As You Like It,Female,Major,Comedy
Fruits,Berries,Caliban,The Tempest,Male,Major,Comedy
Fruits,Berries,Caliban,The Tempest,Male,Major,Comedy
Fruits,Berries,First Bandit,Timon of Athens,Male,Minor,Tragedy
Fruits,Berries,AC_Caesar,Antony and Cleopatra,Male,Major,Tragedy
Vegetables,Potato,FaLstaff,The Merry Wives of Windsor,Male,Major,Comedy
Vegetables,Cabbage,FaLstaff,The Merry Wives of Windsor,Male,Major,Comedy
Vegetables,Turnips,Anne,The Merry Wives of Windsor,Female,Major,Comedy
Vegetables,Parsley,Biondello,The Taming of the Shrew,Male,Minor,Comedy
Vegetables,Peascod,Touchstone,As You Like It,Male,Major,Comedy
Vegetables,Peascod,Malvolio,Twelfth Night,Male,Major,Comedy
Vegetables,Peascod,Fool,King Lear,Male,Minor,Tragedy
Vegetables,Lettuce,Iago,Othello,Male,Major,Tragedy
Vegetables,Mushroom,Prospero,The Tempest,Male,Major,Comedy
Vegetables,Samphire,Edgar,King Lear,Male,Major,Tragedy
Vegetables,Onion,Bottom,A Midsummer Night's Dream,Male,Major,Comedy
Vegetables,Onion,Lord,The Taming of the Shrew,Male,Minor,Comedy
Vegetables,Onion,Lafeu,All's Well That Ends Well,Male,Major,Comedy
Vegetables,Onion,Enobarbus,Antony and Cleopatra,Male,Major,Tragedy
Vegetables,Onion,Enobarbus,Antony and Cleopatra,Male,Major,Tragedy
Vegetables,Garlic,Bottom,A Midsummer Night's Dream,Male,Major,Comedy
Vegetables,Garlic,Dorcas,The Winter's Tale,Male,Minor,Comedy
Vegetables,Garlic,Menenius,Coriolanus,Male,Major,Tragedy
Vegetables,Leek,Thisbe,A Midsummer Night's Dream,Male,Major,Comedy
Herbs,Mint,Dumain,Love's Labour's Lost,Male,Minor,Comedy
Herbs,Mint,Perdita,The Winter's Tale,Female,Major,Comedy
Herbs,Savory,Perdita,The Winter's Tale,Female,Major,Comedy
Herbs,Marjoram,Perdita,The Winter's Tale,Female,Major,Comedy
Herbs,Marjoram,Lafeu,All's Well That Ends Well,Male,Major,Comedy
Herbs,Marjoram,AWTEW_Clown,All's Well That Ends Well,Male,Minor,Comedy
Herbs,Marjoram,Edgar,King Lear,Male,Major,Tragedy
Herbs,Rue,Perdita,The Winter's Tale,Female,Major,Comedy
Herbs,Rue,Ophelia,Hamlet,Female,Major,Tragedy
Herbs,Rosemary,Perdita,The Winter's Tale,Female,Major,Comedy
Herbs,Rosemary,Ophelia,Hamlet,Female,Major,Tragedy
Herbs,Rosemary,Nurse,Romeo and Juliet,Female,Major,Tragedy
Herbs,Rosemary,Friar,Romeo and Juliet,Male,Major,Tragedy
Herbs,Rosemary,Edgar,King Lear,Male,Major,Tragedy
Herbs,Fennel,Ophelia,Hamlet,Female,Major,Tragedy
Herbs,Hyssop And Thyme,Iago,Othello,Male,Major,Tragedy
Herbs,Hyssop And Thyme,Oberon,A Midsummer Night's Dream,Supernatural,Major,Comedy
Herbs,Balm,Anne,The Merry Wives of Windsor,Female,Major,Comedy
Spices And Medicines,Nutmeg,Dumain,Love's Labour's Lost,Male,Major,Comedy
Spices And Medicines,Nutmeg,TWT_Clown,The Winter's Tale,Male,Minor,Comedy
Spices And Medicines,Clove,Longaville,Love's Labour's Lost,Male,Minor,Comedy
Spices And Medicines,Ginger,TWT_Costard,The Winter's Tale,Male,Major,Comedy
Spices And Medicines,Ginger,TWT_Clown,The Winter's Tale,Male,Minor,Comedy
Spices And Medicines,Mace,TWT_Clown,The Winter's Tale,Male,Minor,Comedy
Spices And Medicines,Saffron,TWT_Clown,The Winter's Tale,Male,Minor,Comedy
Spices And Medicines,Pepper,Ford,The Merry Wives of Windsor,Male,Major,Comedy
Spices And Medicines,Pepper,Sir Andrew,Twelfth Night,Male,Major,Comedy
Spices And Medicines,Mustard,Mustard,A Midsummer Night's Dream,Male,Minor,Comedy
Spices And Medicines,Mustard,Bottom,A Midsummer Night's Dream,Male,Major,Comedy
Spices And Medicines,Mustard,Touchstone,As You Like It,Male,Major,Comedy
Spices And Medicines,Mustard,Rosalind,As You Like It,Female,Major,Comedy
Spices And Medicines,Mustard,Rosalind,A Midsummer Night's Dream,Female,Minor,Comedy
Spices And Medicines,Mustard,Touchstone,As You Like It,Male,Minor,Comedy
Spices And Medicines,Rhubarb and Senna,Macbeth,Macbeth,Male,Major,Tragedy
Spices And Medicines,Poppy And Mandragora,Iago,Othello,Male,Major,Tragedy
Spices And Medicines,Poppy And Mandragora,Cleopatra,Antony and Cleopatra,Female,Major,Tragedy
Spices And Medicines,Hebenon,Ghost,Hamlet,Supernatural,Minor,Tragedy
Spices And Medicines,Gum,Othello,Othello,Male,Major,Tragedy
Spices And Medicines,Gum,Poet,Timon of Athens,Male,Major,Tragedy
Spices And Medicines,Gum,Hamlet,Hamlet,Male,Major,Tragedy
Spices And Medicines,"Coloquintida, Locusts",Iago,Othello,Male,Major,Tragedy
Grain,Corn,Gonzalo,The Tempest,Male,Major,Comedy
Grain,Corn,MFM_Duke,Measure for Measure,Male,Major,Comedy
Grain,Corn,Menenius,Coriolanus,Male,Major,Tragedy
Grain,Corn,Marcius,Coriolanus,Male,Major,Tragedy
Grain,Corn,First Citizen,Coriolanus,Male,Minor,Tragedy
Grain,Corn,C_Brutus,Coriolanus,Male,Major,Tragedy
Grain,Corn,Coriolanus,Coriolanus,Male,Major,Tragedy
Grain,Corn,Pericles,Pericles,Male,Major,Comedy
Grain,Corn,Macbeth,Macbeth,Male,Major,Tragedy
Grain,Wheat,Iris,The Tempest,Supernatural,Minor,Comedy
Grain,Wheat,Helena,A Midsummer Night's Dream,Female,Major,Comedy
Grain,Wheat,Pompey,Antony and Cleopatra,Male,Minor,Tragedy
Grain,Wheat,Pandarus,Troilus and Cressida,Male,Major,Tragedy
Grain,Wheat,Hamlet,Hamlet,Male,Major,Tragedy
Grain,Wheat,Edgar,King Lear,Male,Major,Tragedy
Grain,Barley,Iris,The Tempest,Supernatural,Minor,Comedy
Grain,Oats,Bottom,A Midsummer Night's Dream,Male,Major,Comedy
Grain,Oats,Grumio,The Taming of the Shrew,Male,Minor,Comedy
Grain,Oats,Officer,King Lear,Male,Minor,Tragedy
Grain,Rye,Iris,The Tempest,Supernatural,Minor,Comedy
Grain,Vetches,Iris,The Tempest,Supernatural,Minor,Comedy
Grain,Peas,Iris,The Tempest,Supernatural,Minor,Comedy
Grain,Peas,Bottom,A Midsummer Night's Dream,Male,Major,Comedy
Grain,Peas,Biron,Love's Labour's Lost,Male,Minor,Comedy
Grain,Flax,Sir Toby,Twelfth Night,Male,Major,Comedy
Grain,Flax,Third Servant,King Lear,Male,Minor,Tragedy
Grain,Rice,Clown,The Winter's Tale,Male,Minor,Comedy
Birds,Ostrich,Enobarbus,Antony and Cleopatra,Male,Major,Tragedy
Birds,Peacock,Iris,The Tempest,Supernatural,Major,Comedy
Birds,Peacock,Dromio,The Comedy of Errors,Male,Minor,Comedy
Birds,Peacock,Thersites,Troilus and Cressida,Male,Minor,Tragedy
Birds,Parrot,Dromio,The Comedy of Errors,Male,Minor,Comedy
Birds,Parrot,Benedict,Much Ado About Nothing,Male,Minor,Comedy
Birds,Parrot,Rosalind,As You Like It,Female,Major,Comedy
Birds,Parrot,Salarino,The Merchant of Venice,Male,Minor,Comedy
Birds,Parrot,Lorenzo,The Merchant of Venice,Male,Minor,Comedy
Birds,Eagle,Cassius,Julius Caesar,Male,Major,Tragedy
Birds,Eagle,Enobarbus,Antony and Cleopatra,Male,Major,Tragedy
Birds,Eagle,Coriolanus,Coriolanus,Male,Major,Tragedy
Birds,Eagle,Poet,Timon of Athens,Male,Minor,Tragedy
Birds,Eagle,Nurse,Romeo and Juliet,Female,Minor,Tragedy
Birds,Eagle,Cleon,Pericles,Male,Minor,Comedy
Birds,Eagle,Soothsayer,Cymbeline,Male,Minor,Tragedy
Birds,Vulture,Lear,King Lear,Male,Major,Tragedy
Birds,Falcon,Petrucio,The Taming of the Shrew,Male,Major,Comedy
Birds,Falcon,Isabella,Measure for Measure,Female,Minor,Comedy
Birds,Falcon,Pandarus,Troilus and Cressida,Male,Major,Tragedy
Birds,Falcon,Old Man,Macbeth,Male,Minor,Tragedy
Birds,Hawk,Page,The Merry Wives of Windsor,Male,Minor,Comedy
Birds,Hawk,Lord,The Taming of the Shrew,Male,Minor,Comedy
Birds,Haggard,Hero,Much Ado About Nothing,Female,Major,Comedy
Birds,Haggard,Viola,Twelfth Night,Female,Minor,Comedy
Birds,Haggard,Petrucio,The Taming of the Shrew,Male,Major,Comedy
Birds,Haggard,Hortensio,The Taming of the Shrew,Male,Minor,Comedy
Birds,Haggard,Othello,Othello,Male,Major,Tragedy
Birds,Eyas,Rosencrantz,Hamlet,Male,Minor,Tragedy
Birds,Eyas-Musket,Mrs Page,The Merry Wives of Windsor,Female,Minor,Comedy
Birds,Eyas-Musket,Mrs Ford,The Merry Wives of Windsor,Female,Minor,Comedy
Birds,Coystril,Sir Toby,Twelfth Night,Male,Minor,Comedy
Birds,Puttock,Imogen,Cymbeline,Female,Major,Tragedy
Birds,Owl,Ariel,The Tempest,Supernatural,Major,Comedy
Birds,Owl,Ajax,Troilus and Cressida,Male,Minor,Tragedy
Birds,Owl,Ophelia,Hamlet,Female,Major,Tragedy
Birds,Owl,Arvigarus,Cymbeline,Male,Minor,Tragedy
Birds,Owl,Lady Macbeth,Macbeth,Female,Major,Tragedy
Birds,Chough,Puck,A Midsummer Night's Dream,Supernatural,Major,Comedy
Birds,Chough,Edgar,King Lear,Male,Minor,Tragedy
Birds,Crow,AMND_Demetrius,A Midsummer Night's Dream,Male,Minor,Comedy
Birds,Crow,Paulina,The Winter's Tale,Female,Major,Comedy
Birds,Crow,Troilus,Troilus and Cressida,Male,Minor,Tragedy
Birds,Crow,Second Captain,Cymbeline,Male,Minor,Tragedy
Birds,Crow,Coriolanus,Coriolanus,Male,Major,Tragedy
Birds,Crow,Macbeth,Macbeth,Male,Major,Tragedy
Birds,Raven,Caliban,The Tempest,Male,Minor,Comedy
Birds,Raven,Juliet,Romeo and Juliet,Female,Major,Tragedy
Birds,Raven,Iachimo,Cymbeline,Male,Minor,Tragedy
Birds,Raven,Othello,Othello,Male,Major,Tragedy
Birds,Raven,Lady Macbeth,Macbeth,Female,Major,Tragedy
Birds,Rook,Macbeth,Macbeth,Male,Major,Tragedy
Birds,Kite,Antigonus,The Winter's Tale,Male,Minor,Comedy
Birds,Kite,AC_Antony,Antony and Cleopatra,Male,Major,Tragedy
Birds,Kite,Coriolanus,Coriolanus,Male,Major,Tragedy
Birds,Kite,Macbeth,Macbeth,Male,Major,Tragedy
Birds,Daw,Pandarus,Troilus and Cressida,Male,Major,Tragedy
Birds,Daw,Iago,Othello,Male,Major,Tragedy
Birds,Daw,Third Servant,Coriolanus,Male,Minor,Tragedy
Birds,Jay,Caliban,The Tempest,Male,Minor,Comedy
Birds,Jay,Mrs. Ford,The Merry Wives of Windsor,Female,Minor,Comedy
Birds,Jay,Petruchio,The Taming of the Shrew,Male,Minor,Comedy
Birds,Pheasant,TWT_Clown,The Winter's Tale,Male,Minor,Comedy
Birds,Pheasant,Shepherd,The Winter's Tale,Male,Minor,Comedy
Birds,Partridge,Beatrice,Much Ado About Nothing,Female,Major,Comedy
Birds,Quail,Thersites,Troilus and Cressida,Male,Minor,Tragedy
Birds,Woodcock,MAAN_Claudio,Much Ado About Nothing,Male,Minor,Comedy
Birds,Woodcock,Fabian,Twelfth Night,Male,Minor,Comedy
Birds,Woodcock,Clown (Feste),Twelfth Night,Male,Minor,Comedy
Birds,Woodcock,Grumio,The Taming of the Shrew,Male,Minor,Comedy
Birds,Woodcock,AWTEW_First Lord,All's Well That Ends Well,Male,Minor,Comedy
Birds,Woodcock,Biron,Love's Labour's Lost,Male,Minor,Comedy
Birds,Woodcock,Polonius,Hamlet,Male,Minor,Tragedy
Birds,Woodcock,Laertes,Hamlet,Male,Major,Tragedy
Birds,Pigeon,Celia,As You Like It,Female,Minor,Comedy
Birds,Pigeon,Salarino,The Merchant of Venice,Male,Minor,Comedy
Birds,Dove,Bottom,A Midsummer Night's Dream,Male,Minor,Comedy
Birds,Dove,Old Gobbo,The Merchant of Venice,Male,Minor,Comedy
Birds,Dove,Petruchio,The Taming of the Shrew,Male,Minor,Comedy
Birds,Dove,Paris,Troilus and Cressida,Male,Minor,Tragedy
Birds,Dove,Romeo,Romeo and Juliet,Male,Major,Tragedy
Birds,Nightingale,Valentine,Two Gentlemen of Verona,Male,Major,Comedy
Birds,Nightingale,Valentine,Two Gentlemen of Verona,Male,Major,Comedy
Birds,Nightingale,Bottom,A Midsummer Night's Dream,Male,Minor,Comedy
Birds,Nightingale,Portia,The Merchant of Venice,Female,Major,Comedy
Birds,Nightingale,Lord,The Taming of the Shrew (Induction),Male,Minor,Comedy
Birds,Nightingale,Petruchio,The Taming of the Shrew,Male,Minor,Comedy
Birds,Nightingale,Juliet,Romeo and Juliet,Female,Major,Tragedy
Birds,Nightingale,Edgar,King Lear,Male,Minor,Tragedy
Birds,Lark,Helena,A Midsummer Night's Dream,Female,Major,Comedy
Birds,Lark,Portia,The Merchant of Venice,Female,Major,Comedy
Birds,Lark,Autolycus,The Winter's Tale,Male,Minor,Comedy
Birds,Lark,Romeo,Romeo and Juliet,Male,Major,Tragedy
Birds,Lark,Juliet,Romeo and Juliet,Female,Major,Tragedy
Birds,Lark,Edgar,King Lear,Male,Minor,Tragedy
Birds,Lark,Musicians (Song),Cymbeline,Group,Minor,Tragedy
Birds,Robin,Speed,Two Gentlemen of Verona,Male,Minor,Comedy
Birds,Robin,Arviragus,Cymbeline,Male,Minor,Tragedy
Birds,Thrush (Throstle),Bottom,A Midsummer Night's Dream,Male,Minor,Comedy
Birds,Thrush (Throstle),Autolycus,The Winter's Tale,Male,Minor,Comedy
Birds,Lark,Portia,The Merchant of Venice,Female,Major,Comedy
Birds,Ousel-cock,Bottom,A Midsummer Night's Dream,Male,Minor,Comedy
Birds,Cuckoo,Pistol,The Merry Wives of Windsor,Male,Minor,Comedy
Birds,Cuckoo,Bottom,A Midsummer Night's Dream,Male,Major,Comedy
Birds,Cuckoo,Lorenzo,The Merchant of Venice,Male,Minor,Comedy
Birds,Cuckoo,Portia,The Merchant of Venice,Female,Major,Comedy
Birds,Cuckoo,Pompey,Antony and Cleopatra,Male,Minor,Tragedy
Birds,Lapwing,Adriana,The Comedy of Errors,Female,Major,Comedy
Birds,Lapwing,Hero,Much Ado About Nothing,Female,Major,Comedy
Birds,Lapwing,Horatio,Hamlet,Male,Major,Tragedy
Birds,Finch,Bottom,A Midsummer Night's Dream,Male,Major,Comedy
Birds,Swallow,Perdita,The Winter's Tale,Female,Major,Comedy
Birds,Swallow,Scarus,Antony and Cleopatra,Male,Minor,Tragedy
Birds,Swallow,Second Lord,Timon of Athens,Male,Minor,Tragedy
Birds,Swallow,Titus,Titus Andronicus,Male,Major,Tragedy
Birds,Martlet,Banquo,Macbeth,Male,Major,Tragedy
Birds,Hedge Sparrow,Fool,King Lear,Male,Major,Tragedy
Birds,Sparrow,Ceres,The Tempest,Supernatural,Major,Comedy
Birds,Sparrow,Iris,The Tempest,Supernatural,Major,Comedy
Birds,Sparrow,Lucio,Measure for Measure,Male,Minor,Comedy
Birds,Sparrow,Adam,As You Like It,Male,Minor,Comedy
Birds,Sparrow,Hamlet,Hamlet,Male,Major,Tragedy
Birds,Sparrow,Thersites,Troilus and Cressida,Male,Minor,Tragedy
Birds,Sparrow,Pandarus,Troilus and Cressida,Male,Major,Tragedy
Birds,Sparrow,Duncan,Macbeth,Male,Major,Tragedy
Birds,Wren,Bottom,A Midsummer Night's Dream,Male,Major,Comedy
Birds,Wren,Sir Toby,Twelfth Night,Male,Minor,Comedy
Birds,Wren,Dionyza,Pericles,Female,Minor,Comedy
Birds,Wren,Lady Macduff,Macbeth,Female,Minor,Tragedy
Birds,Swan,Celia,As You Like It,Female,Major,Comedy
Birds,Swan,Portia,The Merchant of Venice,Female,Major,Comedy
Birds,Swan,AC_Antony,Antony and Cleopatra,Male,Major,Tragedy
Birds,Swan,Emilia,Othello,Female,Major,Tragedy
Birds,Swan,Benvolio,Romeo and Juliet,Male,Minor,Tragedy
Birds,Swan,Imogen,Cymbeline,Female,Major,Tragedy
Birds,Swan,Aaron,Titus Andronicus,Male,Major,Tragedy
Birds,Osprey,Aufidius,Coriolanus,Male,Minor,Tragedy
Birds,Handsaw (Heron),Hamlet,Hamlet,Male,Major,Tragedy
Birds,Pelican,Laertes,Hamlet,Male,Major,Tragedy
Birds,Gull,Senator,Timon of Athens,Male,Minor,Tragedy
Birds,Scamel (Sea-mell),Caliban,The Tempest,Male,Major,Comedy
Birds,Mallard,Scarus,Antony and Cleopatra,Male,Minor,Tragedy
Birds,Wild-fowl,Bottom,A Midsummer Night's Dream,Male,Major,Comedy
Birds,Wild-fowl,TN_Clown,Twelfth Night,Male,Minor,Comedy
Birds,Wild Goose,Puck,A Midsummer Night's Dream,Supernatural,Major,Comedy
Birds,Wild Goose,Jaques,As You Like It,Male,Major,Comedy
Birds,Goose,Launce,Two Gentlemen of Verona,Male,Minor,Comedy
Birds,Goose,Slender,The Merry Wives of Windsor,Male,Minor,Comedy
Birds,Goose,Biron,Love's Labour's Lost,Male,Major,Comedy
Birds,Goose,Mercutio,Romeo and Juliet,Male,Major,Tragedy
Birds,Goose,Romeo,Romeo and Juliet,Male,Major,Tragedy
Birds,Goose,Mercutio,Romeo and Juliet,Male,Major,Tragedy
Birds,Goose,Mercutio,Romeo and Juliet,Male,Major,Tragedy
Birds,Goose,Romeo,Romeo and Juliet,Male,Major,Tragedy
Birds,Goose,Mercutio,Romeo and Juliet,Male,Major,Tragedy
Birds,Goose,Romeo,Romeo and Juliet,Male,Major,Tragedy
Birds,Gosling,Coriolanus,Coriolanus,Male,Major,Tragedy
Birds,Duck,Stephano,The Tempest,Male,Minor,Comedy
Birds,Duck,Trinculo,The Tempest,Male,Minor,Comedy
Birds,Duck,Stephano,The Tempest,Male,Minor,Comedy
Birds,Duck,Gower,Pericles,Male,Minor,Comedy
Birds,Turkey,Fabian,Twelfth Night,Male,Minor,Comedy
Birds,Cock,Ariel,The Tempest,Male (spirit),Major,Comedy
Birds,Cock,Speed,Two Gentlemen of Verona,Male,Minor,Comedy
Birds,Cock,Oberon,A Midsummer Night's Dream,Male,Major,Comedy
Birds,Cock,Jaques,As You Like It,Male,Major,Comedy
Birds,Cock,Katharine,The Taming of the Shrew,Female,Major,Comedy
Birds,Cock,Katharine,The Taming of the Shrew,Female,Major,Comedy
Birds,Cock,Horatio,Hamlet,Male,Major,Tragedy
Birds,Cock,Marcellus,Hamlet,Male,Minor,Tragedy
Birds,Cock,Porter,Macbeth,Male,Minor,Tragedy
Birds,Hen,Volumnia,Coriolanus,Female,Major,Tragedy
Birds,Chicken,Prospero,The Tempest,Male,Major,Comedy
Birds,Chicken,Pandarus,Troilus and Cressida,Male,Minor,Tragedy
Birds,Chicken,Cressida,Troilus and Cressida,Female,Major,Tragedy
Birds,Chicken,All Servants,Timon of Athens,Group,Minor,Tragedy
Birds,Chicken,Fool,Timon of Athens,Male,Minor,Tragedy
Birds,Chicken,Posthumus,Cymbeline,Male,Major,Tragedy
Birds,Chicken,Macduff,Macbeth,Male,Major,Tragedy
Birds,Fowl,Dromio E.,The Comedy of Errors,Male,Minor,Comedy
Birds,Fowl,Dromio S. (within),The Comedy of Errors,Male,Minor,Comedy
Birds,Fowl,Antipholus E.,The Comedy of Errors,Male,Major,Comedy
Birds,Fowl,Dromio E.,The Comedy of Errors,Male,Minor,Comedy
Birds,Fowl,Isabella,Measure for Measure,Female,Major,Comedy
Birds,Fowl,Iachimo,Cymbeline,Male,Minor,Tragedy
Birds,Fowl,Marcus,Titus Andronicus,Male,Minor,Tragedy
Animals,Horse,Puck,A Midsummer Night's Dream,Male,Major,Comedy
Animals,Horse,Benedick,Much Ado About Nothing,Male,Major,Comedy
Animals,Horse,Orlando,As You Like It,Male,Major,Comedy
Animals,Horse,Portia,The Merchant of Venice,Female,Major,Comedy
Animals,Horse,Dion,The Winter's Tale,Male,Minor,Comedy
Animals,Horse,Grumio,The Taming of the Shrew,Male,Minor,Comedy
Animals,Horse,Calphurnia,Julius Caesar,Female,Minor,Tragedy
Animals,Horse,AC_Antony,Antony and Cleopatra,Male,Major,Tragedy
Animals,Horse,Thersites,Troilus and Cressida,Male,Minor,Tragedy
Animals,Horse,Marcius (Coriolanus),Coriolanus,Male,Major,Tragedy
Animals,Horse,Second Servant,Timon of Athens,Male,Minor,Tragedy
Animals,Horse,Hamlet,Hamlet,Male,Major,Tragedy
Animals,Horse,Mercutio,Romeo and Juliet,Male,Minor,Tragedy
Animals,Horse,Fool,King Lear,Male,Minor,Tragedy
Animals,Horse,Lear,King Lear,Male,Major,Tragedy
Animals,Horse,Lear,King Lear,Male,Major,Tragedy
Animals,Horse,Macbeth,Macbeth,Male,Major,Tragedy
Animals,Dog,Ariel,The Tempest,Supernatural,Major,Comedy
Animals,Dog,Launce,Two Gentlemen of Verona,Male,Minor,Comedy
Animals,Dog,Launce,Two Gentlemen of Verona,Male,Minor,Comedy
Animals,Dog,Launce,Two Gentlemen of Verona,Male,Minor,Comedy
Animals,Dog,Proteus,Two Gentlemen of Verona,Male,Major,Comedy
Animals,Dog,Launce,Two Gentlemen of Verona,Male,Minor,Comedy
Animals,Dog,Proteus,Two Gentlemen of Verona,Male,Major,Comedy
Animals,Dog,Launce,Two Gentlemen of Verona,Male,Minor,Comedy
Animals,Dog,Proteus,Two Gentlemen of Verona,Male,Major,Comedy
Animals,Dog,Launce,Two Gentlemen of Verona,Male,Minor,Comedy
Animals,Dog,Slender,The Merry Wives of Windsor,Male,Minor,Comedy
Animals,Dog,Slender,The Merry Wives of Windsor,Male,Minor,Comedy
Animals,Dog,Theseus,A Midsummer Night's Dream,Male,Major,Comedy
Animals,Dog,Hippolyta,A Midsummer Night's Dream,Female,Major,Comedy
Animals,Dog,Theseus,A Midsummer Night's Dream,Male,Major,Comedy
Animals,Dog,Beatrice,Much Ado About Nothing,Female,Major,Comedy
Animals,Dog,Benedick (aside),Much Ado About Nothing,Male,Major,Comedy
Animals,Dog,Clown,Twelfth Night,Male,Minor,Comedy
Animals,Dog,Fabian,Twelfth Night,Male,Minor,Comedy
Animals,Dog,Celia,As You Like It,Female,Major,Comedy
Animals,Dog,Rosalind,As You Like It,Female,Major,Comedy
Animals,Dog,Gratiano,The Merchant of Venice,Male,Minor,Comedy
Animals,Dog,Lord,The Taming of the Shrew (Induction),Male,Minor,Comedy
Animals,Dog,First Huntsman,The Taming of the Shrew (Induction),Male,Minor,Comedy
Animals,Dog,Lord,The Taming of the Shrew (Induction),Male,Minor,Comedy
Animals,Dog,JC_Brutus,Julius Caesar,Male,Major,Tragedy
Animals,Dog,JC_Brutus,Julius Caesar,Male,Major,Tragedy
Animals,Dog,Nestor,Troilus and Cressida,Male,Minor,Tragedy
Animals,Dog,Thersites,Troilus and Cressida,Male,Minor,Tragedy
Animals,Dog,Othello,Othello,Male,Major,Tragedy
Animals,Dog,Marcius,Coriolanus,Male,Major,Tragedy
Animals,Dog,Third Servant,Coriolanus,Male,Minor,Tragedy
Animals,Dog,Timon,Timon of Athens,Male,Major,Tragedy
Animals,Dog,Fool,King Lear,Male,Minor,Tragedy
Animals,Dog,Lear,King Lear,Male,Major,Tragedy
Animals,Dog,Edgar,King Lear,Male,Major,Tragedy
Animals,Dog,Lear,King Lear,Male,Major,Tragedy
Animals,Dog,Gloster,King Lear,Male,Major,Tragedy
Animals,Dog,Lear,King Lear,Male,Major,Tragedy
Animals,Dog,Cornelia,King Lear,Female,Minor,Tragedy
Animals,Dog,Cornelius,Cymbeline,Male,Minor,Tragedy
Animals,Dog,Cornelius,Cymbeline,Male,Minor,Tragedy
Animals,Dog,First Murderer,Macbeth,Male,Minor,Tragedy
Animals,Ass,Adriana,The Comedy of Errors,Female,Major,Comedy
Animals,Ass,Bottom,A Midsummer Night's Dream,Male,Major,Comedy
Animals,Ass,Titania,A Midsummer Night's Dream,Female,Major,Comedy
Animals,Ass,Conrade,Much Ado About Nothing,Male,Minor,Comedy
Animals,Ass,Dogberry,Much Ado About Nothing,Male,Minor,Comedy
Animals,Ass,Katharine,The Taming of the Shrew,Female,Major,Comedy
Animals,Ass,JC_Antony,Julius Caesar,Male,Major,Tragedy
Animals,Ass,Iago,Othello,Male,Major,Tragedy
Animals,Ass,Menenius,Coriolanus,Male,Minor,Tragedy
Animals,Ass,Second Lord,Timon of Athens,Male,Minor,Tragedy
Animals,Ass,Timon,Timon of Athens,Male,Major,Tragedy
Animals,Ass,Polonius,Hamlet,Male,Major,Tragedy
Animals,Mule,Cloten,Cymbeline,Male,Minor,Tragedy
Animals,Mule,Parolles,All's Well That Ends Well,Male,Minor,Comedy
Animals,Mule,Soldier,Antony and Cleopatra,Male,Minor,Tragedy
Animals,Mule,C_Brutus,Coriolanus,Male,Major,Tragedy
Animals,Bull,Sebastian,The Tempest,Male,Minor,Comedy
Animals,Bull,Gonzalo,The Tempest,Male,Minor,Comedy
Animals,Bull,Don Pedro,Much Ado About Nothing,Male,Minor,Comedy
Animals,Bull,Benedick,Much Ado About Nothing,Male,Major,Comedy
Animals,Bull,MAAN_Claudio,Much Ado About Nothing,Male,Major,Comedy
Animals,Ox,Ford,The Merry Wives of Windsor,Male,Minor,Comedy
Animals,Ox,Touchstone,As You Like It,Male,Minor,Comedy
Animals,Ox,Thersites,Troilus and Cressida,Male,Minor,Tragedy
Animals,Cow,Beatrice,Much Ado About Nothing,Female,Major,Comedy
Animals,Cow,Touchstone,As You Like It,Male,Minor,Comedy
Animals,Cow,Scarus,Antony and Cleopatra,Male,Minor,Tragedy
Animals,Heifer,Leontes,The Winter's Tale,Male,Major,Comedy
Animals,Calf,Holofernes,Love's Labour's Lost,Male,Minor,Comedy
Animals,Calf,Hamlet,Hamlet,Male,Major,Tragedy
Animals,Ram,Florizel,The Winter's Tale,Male,Major,Comedy
Animals,Sheep,Iris,The Tempest,Supernatural,Major,Comedy
Animals,Sheep,Speed,Two Gentlemen of Verona,Male,Minor,Comedy
Animals,Sheep,Proteus,Two Gentlemen of Verona,Male,Major,Comedy
Animals,Sheep,Speed,Two Gentlemen of Verona,Male,Minor,Comedy
Animals,Sheep,Proteus,Two Gentlemen of Verona,Male,Major,Comedy
Animals,Sheep,Speed,Two Gentlemen of Verona,Male,Minor,Comedy
Animals,Sheep,Benedict,Much Ado About Nothing,Male,Minor,Comedy
Animals,Sheep,Armado,Love's Labour's Lost,Male,Minor,Comedy
Animals,Sheep,Moth,Love's Labour's Lost,Male,Minor,Comedy
Animals,Sheep,Shepherd,The Winter's Tale,Male,Minor,Comedy
Animals,Sheep,Thersites,Troilus and Cressida,Male,Minor,Tragedy
Animals,Lamb,Julia,Two Gentlemen of Verona,Female,Minor,Comedy
Animals,Lamb,Messenger,Much Ado About Nothing,Male,Minor,Comedy
Animals,Lamb,TN_Duke,Twelfth Night,Male,Minor,Comedy
Animals,Lamb,Gremio,The Taming of the Shrew,Male,Minor,Comedy
Animals,Goat,Falstaff,The Merry Wives of Windsor,Male,Major,Comedy
Animals,Goat,Touchstone,As You Like It,Male,Minor,Comedy
Animals,Goat,Shylock,The Merchant of Venice,Male,Major,Comedy
Animals,Goat,Arviragus,Cymbeline,Male,Minor,Tragedy
Animals,Goat,Aaron,Titus Andronicus,Male,Minor,Tragedy
Animals,Pig,Dromio E.,The Comedy of Errors,Male,Minor,Comedy
Animals,Pig,Shylock,The Merchant of Venice,Male,Major,Comedy
Animals,Pig,Mercutio,Romeo and Juliet,Male,Minor,Tragedy
Animals,Pig,Aaron,Titus Andronicus,Male,Minor,Tragedy
Animals,Hog,Launcelot,The Merchant of Venice,Male,Minor,Comedy
Animals,Hog,Edgar,King Lear,Male,Minor,Tragedy
Animals,Boar,Petruchio,The Taming of the Shrew,Male,Minor,Comedy
Animals,Stag,Falstaff,The Merry Wives of Windsor,Male,Major,Comedy
Animals,Stag,AYLI_First Lord,As You Like It,Male,Minor,Comedy
Animals,Stag,AC_Caesar,Antony and Cleopatra,Male,Minor,Tragedy
Animals,Stag,Lavinia,Titus Andronicus,Female,Minor,Tragedy
Animals,Hind,Touchstone,As You Like It,Male,Minor,Comedy
Animals,Deer,Mrs. Ford,The Merry Wives of Windsor,Female,Minor,Comedy
Animals,Deer,Holofernes,Love's Labour's Lost,Male,Minor,Comedy
Animals,Deer,AYLI_Duke ,As You Like It,Male,Minor,Comedy
Animals,Deer,Second Lord,As You Like It,Male,Minor,Comedy
Animals,Deer,JC_Antony,Julius Caesar,Male,Major,Comedy
Animals,Deer,Cloten,Cymbeline,Male,Minor,Tragedy
Animals,Deer,Rosse,Macbeth,Male,Minor,Comedy
Animals,Buck,Pandarus,Troilus and Cressida,Male,Major,Tragedy
Animals,Doe,TA_Demetrius,Titus Andronicus,Male,Minor,Tragedy
Animals,Fawn,Orlando,As You Like It,Male,Major,Comedy
Animals,Hart,Posthu,Cymbeline,Male,Minor,Tragedy
Animals,Roe,Princess,Love's Labour's Lost,Female,Minor,Comedy
Animals,Roe,First Servant,The Taming of the Shrew,Male,Minor,Comedy
Animals,Fox,Ford,The Merry Wives of Windsor,Male,Minor,Comedy
Animals,Fox,Pompey,Measure for Measure,Male,Minor,Comedy
Animals,Fox,Lysander,A Midsummer Night's Dream,Male,Minor,Comedy
Animals,Fox,AMND_Demetrius,A Midsummer Night's Dream,Male,Minor,Comedy
Animals,Fox,Theseus,A Midsummer Night's Dream,Male,Major,Comedy
Animals,Fox,Moth,Love's Labour's Lost,Male,Minor,Comedy
Animals,Fox,Cressida,Troilus and Cressida,Female,Major,Tragedy
Animals,Fox,Marcius,Coriolanus,Male,Minor,Comedy
Animals,Fox,Timon,Timon of Athens,Male,Major,Comedy
Animals,Fox,Fool,King Lear,Male,Minor,Comedy
Animals,Hare,Cressida,Troilus and Cressida,Female,Major,Tragedy
Animals,Hare,Aufidius,Coriolanus,Male,Major,Comedy
Animals,Hare,Soldier,Macbeth,Male,Minor,Comedy
Animals,Rabbit,Moth,Love's Labour's Lost,Male,Minor,Comedy
Animals,Rabbit,Biondello,The Taming of the Shrew,Male,Minor,Comedy
Animals,Coney,Orlando,As You Like It,Male,Major,Comedy
Animals,Coney,Rosalind,As You Like It,Female,Major,Comedy
Animals,Coney,Third Servant,Coriolanus,Male,Minor,Comedy
Animals,Squirrel,Titania,A Midsummer Night's Dream,Female,Major,Comedy
Animals,Squirrel,Mercutio,Romeo and Juliet,Male,Minor,Tragedy
Animals,Mole,Caliban,The Tempest,Male,Minor,Comedy
Animals,Mole,Autolycus,The Winter's Tale,Male,Minor,Comedy
Animals,Mole,Hamlet,Hamlet,Male,Major,Tragedy
Animals,Mole,Pericles,Pericles,Male,Major,Comedy
Animals,Weasel,Jaques,As You Like It,Male,Major,Comedy
Animals,Weasel,Hamlet,Hamlet,Male,Major,Tragedy
Animals,Weasel,Polonius,Hamlet,Male,Minor,Tragedy
Animals,Weasel,Pisanio,Cymbeline,Male,Minor,Tragedy
Animals,Ferret,JC_Brutus,Julius Caesar,Male,Major,Comedy
Animals,Hedgehog,Caliban,The Tempest,Male,Minor,Comedy
Animals,Hedgehog,First Fairy,A Midsummer Night's Dream,Supernatural,Minor,Comedy
Animals,Hedgehog,Second Witch,Macbeth,Supernatural,Minor,Comedy
Animals,Cat,TT_Antonio,The Tempest,Male,Minor,Comedy
Animals,Cat,Claud,Much Ado About Nothing,Male,Minor,Comedy
Animals,Cat,Touchstone,As You Like It,Male,Minor,Comedy
Animals,Cat,Thersites,Troilus and Cressida,Male,Minor,Tragedy
Animals,Cat,Iago,Othello,Male,Major,Tragedy
Animals,Cat,Marcius,Coriolanus,Male,Minor,Comedy
Animals,Cat,Hamlet,Hamlet,Male,Major,Tragedy
Animals,Cat,Benvolio,Romeo and Juliet,Male,Minor,Tragedy
Animals,Cat,Mercutio,Romeo and Juliet,Male,Minor,Tragedy
Animals,Cat,Gower,Pericles,Male,Minor,Comedy
Animals,Cat,Edgar,King Lear,Male,Minor,Comedy
Animals,Cat,Lady M,Macbeth,Female,Minor,Comedy
Animals,Cat,First Witch,Macbeth,Supernatural,Minor,Comedy
Animals,Cat,Shylock,The Merchant of Venice,Male,Major,Comedy
Animals,Rat,Prospero,The Tempest,Male,Major,Tragedy
Animals,Rat,Shallow,The Merry Wives of Windsor,Male,Minor,Tragedy
Animals,Rat,MFM_Claudio,Measure for Measure,Male,Major,Tragedy
Animals,Rat,Rosalind,As You Like It,Male,Major,Comedy
Animals,Rat,Shylock,The Merchant of Venice,Male,Major,Tragedy
Animals,Rat,Menenius,Coriolanus,Male,Major,Tragedy
Animals,Rat,Marcius,Coriolanus,Male,Minor,Tragedy
Animals,Rat,H_Queen,Hamlet,Female,Minor,Tragedy
Animals,Rat,Mercutio,Romeo and Juliet,Male,Minor,Tragedy
Animals,Rat,Tybalt,Romeo and Juliet,Male,Minor,Tragedy
Animals,Rat,Kent,King Lear,Male,Minor,Tragedy
Animals,Rat,Cornelius,Cymbeline,Male,Minor,Tragedy
Animals,Rat,First Witch,Macbeth,Supernatural,Minor,Tragedy
Animals,Mouse,Lucio,Measure for Measure,Male,Minor,Comedy
Animals,Mouse,Lion,A Midsummer Night's Dream,Male,Minor,Comedy
Animals,Mouse,Puck,A Midsummer Night's Dream,Male,Major,Comedy
Animals,Mouse,Francisco,Hamlet,Male,Minor,Tragedy
Animals,Mouse,Bernardo,Hamlet,Male,Minor,Tragedy
Animals,Mouse,Mercutio,Romeo and Juliet,Male,Minor,Tragedy
Animals,Mouse,Romeo,Romeo and Juliet,Male,Major,Tragedy
Animals,Mouse,Edgar,King Lear,Male,Minor,Tragedy
Animals,Mouse,Edgar,King Lear,Male,Minor,Tragedy
Animals,Elephant,Decius,Julius Caesar,Male,Minor,Tragedy
Animals,Elephant,Alexander,Troilus and Cressida,Male,Minor,Tragedy
Animals,Elephant,Cressida,Troilus and Cressida,Male,Major,Tragedy
Animals,Elephant,Alexander,Troilus and Cressida,Male,Minor,Tragedy
Animals,Elephant,Ulysses,Troilus and Cressida,Male,Major,Tragedy
Animals,Camel,Cressida,Troilus and Cressida,Female,Major,Tragedy
Animals,Camel,C_Brutus,Coriolanus,Male,Major,Tragedy
Animals,Camel,Hamlet,Hamlet,Male,Major,Tragedy
Animals,Camel,Polonius,Hamlet,Male,Minor,Tragedy
Animals,Lion,TT_Antonio,The Tempest,Male,Minor,Comedy
Animals,Lion,MFM_Duke,Measure for Measure,Male,Minor,Comedy
Animals,Lion,Quince,A Midsummer Night's Dream,Male,Minor,Comedy
Animals,Lion,Holofernes,Love's Labour's Lost,Male,Minor,Comedy
Animals,Lion,Holofernes,Love's Labour's Lost,Male,Minor,Comedy
Animals,Lion,Biron,Love's Labour's Lost,Male,Minor,Comedy
Animals,Lion,Biron,Love's Labour's Lost,Male,Minor,Comedy
Animals,Lion,Prince Morocco,The Merchant of Venice,Male,Minor,Comedy
Animals,Lion,Jessica,The Merchant of Venice,Female,Major,Comedy
Animals,Lion,Petrucio,The Taming of the Shrew,Male,Minor,Comedy
Animals,Lion,Casca,Julius Caesar,Male,Minor,Tragedy
Animals,Lion,Enobarbus,Antony and Cleopatra,Male,Minor,Tragedy
Animals,Lion,Patrodus,Troilus and Cressida,Male,Minor,Tragedy
Animals,Lion,Hamlet,Hamlet,Male,Major,Tragedy
Animals,Lion,Gent,King Lear,Male,Minor,Tragedy
Animals,Lion,Posthumus,Cymbeline,Male,Major,Tragedy
Animals,Lion,Lavinia,Titus Andronicus,Male,Minor,Tragedy
Animals,Lioness,Oliver,As You Like It,Male,Minor,Comedy
Animals,Lioness,Calphurnia,Julius Caesar,Female,Minor,Tragedy
Animals,Tiger,Proteus,Two Gentlemen of Verona,Male,Major,Comedy
Animals,Tiger,Helena,A Midsummer Night's Dream,Female,Major,Comedy
Animals,Tiger,Nestor,Troilus and Cressida,Male,Minor,Tragedy
Animals,Tiger,Troilus,Troilus and Cressida,Male,Major,Tragedy
Animals,Tiger,Menenius,Coriolanus,Male,Major,Tragedy
Animals,Tiger,Timon,Timon of Athens,Male,Major,Tragedy
Animals,Tiger,Romeo,Romeo and Juliet,Male,Major,Tragedy
Animals,Tiger,Albany,King Lear,Male,Minor,Tragedy
Animals,Tiger,Lavinia,Titus Andronicus,Male,Minor,Tragedy
Animals,"Leopard, Libbard, Pard",Prospero,The Tempest,Male,Major,Comedy
Animals,"Leopard, Libbard, Pard",Oberon,A Midsummer Night's Dream,Male,Major,Comedy
Animals,"Leopard, Libbard, Pard",Boyet,Love's Labour's Lost,Male,Minor,Comedy
Animals,"Leopard, Libbard, Pard",Timon,Timon of Athens,Male,Major,Comedy
Animals,Panther,Titus,Titus Andronicus,Male,Major,Tragedy
Animals,Panther,Marcus,Titus Andronicus,Male,Minor,Tragedy
Animals,Panther,Aaron,Titus Andronicus,Male,Minor,Tragedy
Animals,Hyena,Rosalind,As You Like It,Female,Major,Comedy
Animals,Rhinoceros,Macbeth,Macbeth,Male,Major,Tragedy
Animals,Unicorn,Sebastian,The Tempest,Male,Minor,Comedy
Animals,Unicorn,Decius,Julius Caesar,Male,Minor,Comedy
Animals,Unicorn,Timon,Timon of Athens,Male,Major,Tragedy
Animals,Bear,Dromio S.,The Comedy of Errors,Male,Major,Comedy
Animals,Bear,Slender,The Merry Wives of Windsor,Male,Minor,Comedy
Animals,Bear,Slender,The Merry Wives of Windsor,Male,Minor,Comedy
Animals,Bear,Oberon,A Midsummer Night's Dream,Male,Major,Comedy
Animals,Bear,MAAN_Claudio,Much Ado About Nothing,Male,Major,Comedy
Animals,Bear,Prince of Morocco,The Merchant of Venice,Male,Minor,Comedy
Animals,Bear,TWT_Clown,The Winter's Tale,Male,Minor,Comedy
Animals,Bear,TWT_Clown,The Winter's Tale,Male,Minor,Comedy
Animals,Bear,AC_Antony,Antony and Cleopatra,Male,Major,Tragedy
Animals,Bear,Alexander,Troilus and Cressida,Male,Minor,Tragedy
Animals,Bear,Othello,Othello,Male,Major,Tragedy
Animals,Bear,C_Brutus,Coriolanus,Male,Major,Tragedy
Animals,Bear,Menenius,Coriolanus,Male,Major,Tragedy
Animals,Bear,Timon,Timon of Athens,Male,Major,Tragedy
Animals,Bear,Juliet,Romeo and Juliet,Female,Major,Tragedy
Animals,Bear,Fool,King Lear,Male,Minor,Tragedy
Animals,Wolf,Don Pedro,Much Ado About Nothing,Male,Major,Comedy
Animals,Wolf,Gratiano,The Merchant of Venice,Male,Major,Comedy
Animals,Wolf,Antigonus,The Winter's Tale,Male,Minor,Comedy
Animals,Wolf,Cassius,Julius Caesar,Male,Major,Tragedy
Animals,Wolf,Ulysses,Troilus and Cressida,Male,Major,Tragedy
Animals,Wolf,Menenhis,Coriolanus,Male,Minor,Tragedy
Animals,Wolf,Lear,King Lear,Male,Major,Tragedy
Animals,Wolf,Fool,King Lear,Male,Minor,Tragedy
Animals,Wolf,Arviragus,Cymbeline,Male,Minor,Tragedy
Animals,Wolf,Macbeth,Macbeth,Male,Major,Comedy
Animals,Porcupine,Ajax,Troilus and Cressida,Male,Minor,Tragedy
Animals,Porcupine,Ghost,Hamlet,Supernatural,Minor,Tragedy
Animals,Monkey,Oberon,A Midsummer Night's Dream,Male,Major,Comedy
Animals,Monkey,Rosalind,As You Like It,Female,Major,Comedy
Animals,Monkey,Tubal,The Merchant of Venice,Male,Minor,Comedy
Animals,Monkey,Shylock,The Merchant of Venice,Male,Major,Comedy
Animals,Monkey,Fool,King Lear,Male,Minor,Comedy
Animals,Monkey,Jachimo,Cymbeline,Female,Minor,Tragedy
Animals,Ape,Caliban,The Tempest,Male,Minor,Comedy
Animals,Ape,Isabel,Measure for Measure,Female,Minor,Comedy
Animals,Ape,Beatrice,Much Ado About Nothing,Female,Major,Comedy
Animals,Ape,Claud,Much Ado About Nothing,Male,Minor,Comedy
Animals,Ape,Claud,Much Ado About Nothing,Male,Minor,Comedy
Animals,Ape,Jaques,As You Like It,Male,Major,Comedy
Animals,Ape,Rosalind,As You Like It,Female,Major,Comedy
Animals,Ape,JC_Antony,Julius Caesar,Male,Major,Comedy
Animals,Ape,Marcius,Coriolanus,Male,Minor,Comedy
Animals,Ape,Hamlet,Hamlet,Male,Major,Tragedy
Animals,Ape,Hamlet,Hamlet,Male,Major,Tragedy
Animals,Baboon,Falstaff,The Merry Wives of Windsor,Male,Major,Comedy
Animals,Baboon,Iago,Othello,Male,Major,Tragedy
Animals,Baboon,2nd Witch,Macbeth,Supernatural,Minor,Comedy
Animals,Marmozet,Caliban,The Tempest,Male,Minor,Comedy
Animals,"Polecat, Muskcat, Fitchew",Quickly,The Merry Wives of Windsor,Male,Minor,Comedy
Animals,"Polecat, Muskcat, Fitchew",AWTEW_Clown,All's Well That Ends Well,Male,Minor,Comedy
Animals,"Polecat, Muskcat, Fitchew",Thersites,Troilus and Cressida,Male,Minor,Tragedy
Fish,Fish,3rd Fisher,Pericles,Male,Minor,Comedy
Fish,Trout,Maria,Twelfth Night,Female,Minor,Comedy
Fish,Cod,Iago,Othello,Male,Major,Tragedy
Fish,Herring,Caius,The Merry Wives of Windsor,Male,Minor,Comedy
Fish,Herring,Sir Toby,Twelfth Night,Male,Minor,Comedy
Fish,Herring,Thersitcs,Twelfth Night,Male,Minor,Comedy
Fish,Herring,Mercutio,Romeo and Juliet,Male,Minor,Tragedy
Fish,Pilchard,TN_Clown,Twelfth Night,Male,Minor,Comedy
Fish,Poor John,Gregory,Romeo and Juliet,Male,Minor,Tragedy
Fish,Poor John,Trinculo,The Tempset,Male,Minor,Tragedy
Fish,Eel,Moth,Love's Labour's Lost,Male,Minor,Comedy
Fish,Eel,Armado,Love's Labour's Lost,Male,Minor,Comedy
Fish,Eel,Moth,Love's Labour's Lost,Male,Minor,Comedy
Fish,Eel,Patrucio,The Taming of the Shrew,Male,Minor,Comedy
Fish,Eel,Fool,King Lear,Male,Minor,Comedy
Fish,Gudgeon,Gratiano,The Merchant of Venice,Male,Major,Comedy
Fish,Carp,AWTEW_Clown,All's Well That Ends Well,Male,Minor,Comedy
Fish,Oyster,Pistol,The Merry Wives of Windsor,Male,Minor,Comedy
Fish,Oyster,Benedick,Much Ado About Nothing,Male,Major,Comedy
Fish,Oyster,Touchstone,As You Like It,Male,Minor,Comedy
Fish,Oyster,Alexas,Antony and Cleopatra,Male,Minor,Tragedy
Fish,Oyster,Fool,King Lear,Male,Minor,Comedy
Fish,Crab,Hamlet,Hamlet,Male,Major,Tragedy
Fish,Shrimp,Holofernes,Love's Labour's Lost,Male,Minor,Comedy
Fish,Mussel,Prospero,The Tempest,Male,Major,Comedy
Fish,Mussel,Falstaff,The Merry Wives of Windsor,Male,Major,Comedy
Fish,Cockle,Petrucio,The Taming of the Shrew,Male,Minor,Comedy
Fish,Cockle,Gower,Pericles,Male,Minor,Comedy
Fish,Barnacle,Caliban,The Tempest,Male,Minor,Comedy
Fish,Whale,Biron,Love's Labour's Lost,Male,Minor,Comedy
Fish,Whale,Nestor,Troilus and Cressida,Male,Minor,Tragedy
Fish,Whale,Hamlet,Hamlet,Male,Major,Tragedy
Fish,Whale,Polonius,Hamlet,Male,Minor,Tragedy
Fish,Whale,1st Fisher,Pericles,Male,Minor,Comedy
Fish,Whale,Pericles,Pericles,Male,Major,Tragedy
Fish,Shark,3rd Witch,Macbeth,Supernatural,Minor,Tragedy
Fish,Porpus,3rd Fisher,Pericles,Male,Minor,Comedy
Fish,Minnow,Coriolanus,Coriolanus,Male,Major,Tragedy
Reptiles,Crocodile,Lepidus,Antony and Cleopatra,Male,Minor,Tragedy
Reptiles,Crocodile,AC_Antony,Antony and Cleopatra,Male,Major,Tragedy
Reptiles,Crocodile,Lepidus,Antony and Cleopatra,Male,Minor,Tragedy
Reptiles,Crocodile,AC_Antony,Antony and Cleopatra,Male,Major,Tragedy
Reptiles,Crocodile,Othello,Othello,Male,Major,Tragedy
Reptiles,Crocodile,Hamlet,Hamlet,Male,Major,Tragedy
Reptiles,Tortoise,Prospero,The Tempest,Male,Major,Comedy
Reptiles,Tortoise,Romeo,Romeo and Juliet,Male,Major,Tragedy
Reptiles,Alligator,Romeo,Romeo and Juliet,Male,Major,Tragedy
Reptiles,Cameleon,Speed,Two Gentlemen of Verona,Male,Minor,Comedy
Reptiles,Cameleon,Valentine,Two Gentlemen of Verona,Male,Major,Comedy
Reptiles,Cameleon,Speed,Two Gentlemen of Verona,Male,Minor,Comedy
Reptiles,Cameleon,Hamlet,Hamlet,Male,Major,Tragedy
Reptiles,Cameleon,King,Hamlet,Male,Minor,Tragedy
Reptiles,Lizard,Second Witch,Macbeth,Supernatural,Minor,Tragedy
Reptiles,"Bat,Raremouse",Arid,The Tempest,Male,Minor,Comedy
Reptiles,"Bat,Raremouse",Titania,A Midsummer Night's Dream,Female,Major,Comedy
Reptiles,"Bat,Raremouse",Macbeth,Macbeth,Male,Major,Comedy
Reptiles,"Bat,Raremouse",Second Witch,Macbeth,Supernatural,Minor,Comedy
Reptiles,Toad,Caliban,The Tempest,Male,Minor,Comedy
Reptiles,Toad,AYLI_Duke ,As You Like It,Male,Minor,Comedy
Reptiles,Toad,Othello,Othello,Male,Major,Tragedy
Reptiles,Toad,Nurse,Othello,Female,Minor,Tragedy
Reptiles,Toad,Juliet,Romeo and Juliet,Female,Major,Tragedy
Reptiles,Toad,Guiderius,Cymbeline,Male,Minor,Tragedy
Reptiles,Toad,First Witch,Macbeth,Supernatural,Minor,Tragedy
Reptiles,Paddock,Hamlet,Hamlet,Male,Major,Tragedy
Reptiles,Frog,Edgar,King Lear,Male,Minor,Tragedy
Reptiles,Frog,Second Witch,Macbeth,Supernatural,Minor,Tragedy
Reptiles,Serpent,Lysander,A Midsummer Night's Dream,Male,Minor,Comedy
Reptiles,Serpent,MAAN_Antonio,Much Ado About Nothing,Male,Minor,Comedy
Reptiles,Serpent,Countess,All's Well That Ends Well,Male,Minor,Comedy
Reptiles,Serpent,JC_Brutus,Julius Caesar,Male,Major,Tragedy
Reptiles,Serpent,Cleopatra,Antony and Cleopatra,Female,Major,Tragedy
Reptiles,Serpent,Cleopatra,Antony and Cleopatra,Female,Major,Tragedy
Reptiles,Serpent,Thersites,Troilus and Cressida,Male,Minor,Tragedy
Reptiles,Serpent,Emilia,Othello,Female,Minor,Tragedy
Reptiles,Serpent,Aufidius,Coriolanus,Male,Major,Tragedy
Reptiles,Serpent,Ghost,Hamlet,Supernatural,Minor,Tragedy
Reptiles,Serpent,Lear,King Lear,Male,Major,Tragedy
Reptiles,Serpent,Lady Macbeth,Macbeth,Female,Minor,Tragedy
Reptiles,Adder,Caliban,The Tempest,Male,Minor,Comedy
Reptiles,Adder,Hermia,A Midsummer Night's Dream,Female,Major,Comedy
Reptiles,Adder,JC_Brutus,Julius Caesar,Male,Major,Tragedy
Reptiles,Adder,Hector,Julius Caesar,Male,Minor,Tragedy
Reptiles,Adder,Hamlet,Hamlet,Male,Major,Tragedy
Reptiles,Adder,Edmund,King Lear,Male,Minor,Tragedy
Reptiles,Adder,Second Witch,Macbeth,Supernatural,Minor,Tragedy
Reptiles,Snake,Oberon,A Midsummer Night's Dream,Male,Major,Comedy
Reptiles,Snake,First Fairy,A Midsummer Night's Dream,Supernatural,Minor,Comedy
Reptiles,Snake,Rosalind,As You Like It,Female,Major,Comedy
Reptiles,Snake,Oliver,As You Like It,Male,Minor,Comedy
Reptiles,Snake,Cleopatra,Antony and Cleopatra,Male,Major,Tragedy
Reptiles,Snake,Macbeth,Macbeth,Male,Major,Tragedy
Reptiles,Snake,Second Witch,Macbeth,Supernatural,Minor,Tragedy
Reptiles,Scorpion,Cornelius,Cymbeline,Male,Minor,Tragedy
Reptiles,Scorpion,Macbeth,Macbeth,Male,Major,Comedy
Reptiles,Viper,Pandarus,Troilus and Cressida,Male,Major,Tragedy
Reptiles,Viper,Lodovico,Othello,Male,Minor,Tragedy
Reptiles,Newt,Timon,Timon of Athens,Male,Major,Tragedy
Reptiles,Blind-Worm,First Fairy,A Midsummer Night's Dream,Supernatural,Minor,Comedy
Reptiles,Worm,Rosalind,As You Like It,Supernatural,Major,Comedy
Reptiles,Worm,Katharine,The Taming of the Shrew,Female,Minor,Comedy
Reptiles,Worm,Othello,Othello,Male,Major,Tragedy
Reptiles,Worm,Hamlet,Hamlet,Male,Major,Tragedy
Reptiles,Worm,King,Hamlet,Male,Minor,Tragedy
Reptiles,Worm,Hamlet,Hamlet,Male,Major,Tragedy
Reptiles,Worm,King,Hamlet,Male,Minor,Tragedy
Reptiles,Worm,Hamlet,Hamlet,Male,Major,Tragedy
Reptiles,Worm,Romeo,Romeo and Juliet,Male,Major,Tragedy
Reptiles,Worm,Lear,King Lear,Male,Major,Tragedy
Reptiles,Worm,Pisanio,Cymbeline,Male,Minor,Tragedy
Reptiles,Worm,Macbeth,Macbeth,Male,Major,Tragedy
Reptiles,Asp,Cleopatra,Antony and Cleopatra,Female,Major,Tragedy
Reptiles,Asp,AC_Clown,Antony and Cleopatra,Male,Minor,Tragedy
Reptiles,Asp,Cleopatra,Antony and Cleopatra,Female,Major,Tragedy
Reptiles,Asp,First Guard,Antony and Cleopatra,Male,Minor,Tragedy
Reptiles,Asp,Othello,Othello,Male,Major,Tragedy
Reptiles,Snail,Luciana,The Comedy of Errors,Male,Minor,Comedy
Reptiles,Snail,First Fairy,A Midsummer Night's Dream,Supernatural,Minor,Comedy
Reptiles,Snail,Luciana,The Comedy of Errors,Female,Minor,Comedy
Reptiles,Snail,First Fairy,A Midsummer Night's Dream,Supernatural,Minor,Comedy
Reptiles,Snail,Biron,Love's Labour's Lost,Male,Minor,Comedy
Reptiles,Snail,Jaques,As You Like It,Male,Major,Comedy
Reptiles,Snail,Rosalind,As You Like It,Female,Major,Comedy
Reptiles,Snail,Orlando,As You Like It,Male,Major,Comedy
Reptiles,Snail,Rosalind,As You Like It,Female,Major,Comedy
Reptiles,Snail,Orlando,As You Like It,Male,Major,Comedy
Reptiles,Snail,Rosalind,As You Like It,Female,Major,Comedy
Reptiles,Snail,Nestor,Troilus and Cressida,Male,Minor,Tragedy
Reptiles,Snail,Fool,King Lear,Male,Minor,Tragedy
Reptiles,Snail,Lear,King Lear,Male,Major,Tragedy
Reptiles,Snail,Fool,King Lear,Male,Minor,Tragedy
Reptiles,Slug,Luciana,The Comedy of Errors,Female,Minor,Comedy
Reptiles,Slug,Mercutio,Romeo and Juliet,Male,Minor,Tragedy
Insects,Bee,Prospero,The Tempest,Male,Major,Comedy
Insects,Bee,Ariel,The Tempest,Supernatural,Major,Comedy
Insects,Bee,Cassius,Julius Caesar,Male,Major,Comedy
Insects,Bee,3rd Fisher,Pericles,Female,Minor,Comedy
Insects,Bee,Imogen,Cymbeline,Female,Major,Tragedy
Insects,Humble Bee,Titania,A Midsummer Night's Dream,Female,Major,Comedy
Insects,Humble Bee,Bottom,A Midsummer Night's Dream,Male,Minor,Comedy
Insects,Humble Bee,Armado,Love's Labour's Lost,Male,Minor,Comedy
Insects,Humble Bee,Lafeu,All's Well That Ends Well,Male,Minor,Comedy
Insects,Humble Bee,Pandarus,Troilus and Cressida,Male,Major,Tragedy
Insects,Drone,Luciana,The Comedy of Errors,Male,Minor,Comedy
Insects,Drone,Shylock,The Merchant of Venice,Male,Major,Comedy
Insects,Drone,Gower,Pericles,Male,Minor,Comedy
Insects,Wasp,Autolycus,The Winter's Tale,Male,Minor,Comedy
Insects,Wasp,Petrucio,The Taming of the Shrew,Male,Minor,Comedy
Insects,Wasp,Katharine,The Taming of the Shrew,Female,Minor,Comedy
Insects,Wasp,Petrucio,The Taming of the Shrew,Male,Minor,Comedy
Insects,Ant,Fool,King Lear,Male,Minor,Tragedy
Insects,Butterfly,Titania,A Midsummer Night's Dream,Female,Major,Comedy
Insects,Butterfly,Achilles,Troilus and Cressida,Male,Major,Tragedy
Insects,Butterfly,Valeria,Coriolanus,Male,Minor,Tragedy
Insects,Butterfly,Cominius,Coriolanus,Male,Minor,Tragedy
Insects,Butterfly,Menenius,Coriolanus,Male,Major,Tragedy
Insects,Butterfly,Lear,King Lear,Male,Major,Tragedy
Insects,Moth,Portia,The Merchant of Venice,Female,Major,Comedy
Insects,Moth,Desdemona,Othello,Male,Major,Tragedy
Insects,Moth,Valeria,Coriolanus,Male,Minor,Tragedy
Insects,Grasshopper,Mercutio,Romeo and Juliet,Male,Minor,Tragedy
Insects,Glow-Worm,Evans,The Merry Wives of Windsor,Male,Minor,Comedy
Insects,Glow-Worm,Titania,A Midsummer Night's Dream,Female,Major,Comedy
Insects,Glow-Worm,Ghost,Hamlet,Supernatural,Minor,Tragedy
Insects,Glow-Worm,Pericles,Pericles,Male,Major,Comedy
Insects,Spider,MFM_Duke,Measure for Measure,Male,Minor,Comedy
Insects,Spider,1st Fairy,A Midsummer Night's Dream,Supernatural,Minor,Comedy
Insects,Spider,Bassanio,The Merchant of Venice,Male,Minor,Comedy
Insects,Spider,Leontes,The Winter's Tale,Male,Major,Comedy
Insects,Spider,Thersites,Troilus and Cressida,Male,Minor,Tragedy
Insects,Spider,Mercutio,Romeo and Juliet,Male,Minor,Tragedy
Insects,Gnat,Ant. S.,The Comedy of Errors,Male,Minor,Comedy
Insects,Gnat,Biron,Love's Labour's Lost,Male,Minor,Comedy
Insects,Gnat,Bassanio,The Merchant of Venice,Male,Minor,Comedy
Insects,Gnat,Cleopatra,Antony and Cleopatra,Female,Major,Tragedy
Insects,Gnat,Mercutio,Romeo and Juliet,Male,Minor,Tragedy
Insects,Gnat,Simonides,Pericles,Male,Minor,Comedy
Insects,Gnat,Imogen,Cymbeline,Female,Major,Tragedy
Insects,Cricket,Mamilius,The Winter's Tale,Male,Minor,Comedy
Insects,Cricket,Petiucio,The Taming of the Shrew,Male,Minor,Comedy
Insects,Cricket,Mercutio,Romeo and Juliet,Male,Minor,Tragedy
Insects,Cricket,Gower,Pericles,Male,Minor,Comedy
Insects,Cricket,Jachimo,Cymbeline,Male,Minor,Tragedy
Insects,Cricket,Lady Macbeth,Macbeth,Female,Minor,Comedy
Insects,Beetle,Isabel,Measure for Measure,Male,Minor,Comedy
Insects,Beetle,1st Fairy,A Midsummer Night's Dream,Supernatural,Minor,Comedy
Insects,Beetle,Edgar,King Lear,Male,Minor,Comedy
Insects,Beetle,Belarius,Cymbeline,Male,Major,Tragedy
Insects,Beetle,Macbeth,Macbeth,Male,Major,Comedy
Insects,Fly,Rosalind,As You Like It,Female,Major,Comedy
Insects,Fly,Autolycus,The Winter's Tale,Male,Minor,Comedy
Insects,Fly,Iago,Othello,Male,Major,Tragedy
Insects,Fly,Cominius,Coriolanus,Male,Minor,Tragedy
Insects,Fly,Marina,Pericles,Female,Minor,Comedy
Insects,Fly,Flavius,Timon of Athens,Male,Minor,Comedy
Insects,Fly,Arviragus,Cymbeline,Male,Minor,Tragedy
Insects,Fly,Titus,Titus Andronicus,Male,Major,Tragedy
Insects,Fly,Marcius,Titus Andronicus,Male,Minor,Tragedy
Insects,Fly,Titus,Titus Andronicus,Male,Major,Tragedy
Insects,Fly,Maixus,Titus Andronicus,Male,Minor,Tragedy
Insects,Fly,Titus,Titus Andronicus,Male,Major,Tragedy
Insects,Fly,Lady Macduff,Macbeth,Female,Minor,Tragedy
Insects,Fly,Son,Macbeth,Male,Minor,Tragedy
Insects,Fly,Lady Macduff,Macbeth,Female,Minor,Tragedy
Insects,Flea,Mrs Ford,The Merry Wives of Windsor,Female,Minor,Tragedy
Insects,Flea,Petrucio,The Taming of the Shrew,Male,Minor,Comedy
Insects,"Caterpillar, Canker",Mrs. Ford,Two Gentlemen of Verona,Male,Minor,Comedy
Insects,"Caterpillar, Canker",Valentine,Two Gentlemen of Verona,Male,Major,Comedy
Insects,"Caterpillar, Canker",Titania,A Midsummer Night's Dream,Female,Major,Comedy
Insects,"Caterpillar, Canker",Lysimachus,Pericles,Male,Minor,Comedy
Insects,Grub,Merciitio,Romeo and Juliet,Male,Minor,Tragedy
Insects,Grub,Mercutio,Romeo and Juliet,Male,Minor,Tragedy